{"cameraMode":{"drawMode":0,"name":"Shaded","section":"Shading Mode"},"sceneLighting":true,"audioPlay":false,"sceneViewState":{"m_AlwaysRefresh":false,"showFog":true,"showSkybox":true,"showFlares":true,"showImageEffects":true,"showParticleSystems":true,"showVisualEffectGraphs":true,"m_FxEnabled":true},"in2DMode":false,"pivot":{"x":-4.3907575607299809,"y":0.8064877390861511,"z":-0.0034473538398742677},"rotation":{"x":-0.21459001302719117,"y":-0.5505238771438599,"z":0.14899687469005586,"w":-0.792900562286377},"size":6.348758697509766,"orthographic":false}